observation_date,DGS5,change_in_yields_in_bps,Volatility
2019-12-26,1.72,0,
2019-12-27,1.68,-4.00,
2019-12-30,1.68,0.00,
2019-12-31,1.69,1.00,
2020-01-01,1.68,-1.00,
2020-01-02,1.67,-1.00,
2020-01-03,1.59,-8.00,
2020-01-06,1.61,2.00,
2020-01-07,1.62,1.00,
2020-01-08,1.67,5.00,
2020-01-09,1.65,-2.00,
2020-01-10,1.63,-2.00,
2020-01-13,1.65,2.00,
2020-01-14,1.63,-2.00,
2020-01-15,1.60,-3.00,
2020-01-16,1.63,3.00,
2020-01-17,1.63,0.00,
2020-01-20,1.60,-3.00,
2020-01-21,1.57,-3.00,
2020-01-22,1.57,0.00,
2020-01-23,1.55,-2.00,2.786019519297157
2020-01-24,1.51,-4.00,2.8635642126552705
2020-01-27,1.44,-7.00,3.086838419576157
2020-01-28,1.47,3.00,3.2093613071762426
2020-01-29,1.41,-6.00,3.351616525399846
2020-01-30,1.39,-2.00,3.353747016043257
2020-01-31,1.32,-7.00,3.568379650952703
2020-02-03,1.35,3.00,3.3953750055879586
2020-02-04,1.42,7.00,3.780274618394303
2020-02-05,1.46,4.00,3.9103038488685495
2020-02-06,1.45,-1.00,3.6807090414238193
2020-02-07,1.41,-4.00,3.732100136460895
2020-02-10,1.38,-3.00,3.7499206340807754
2020-02-11,1.40,2.00,3.7499206340807754
2020-02-12,1.45,5.00,3.9785137210485315
2020-02-13,1.43,-2.00,3.9575124462097104
2020-02-14,1.42,-1.00,3.8600518131237567
2020-02-17,1.40,-2.00,3.858817978406884
2020-02-18,1.39,-1.00,3.834057902536163
2020-02-19,1.41,2.00,3.858817978406884
2020-02-20,1.37,-4.00,3.9176037379524553
2020-02-21,1.30,-7.00,4.130605858939432
2020-02-24,1.21,-9.00,4.433637655147617
2020-02-25,1.16,-5.00,4.328202090167848
2020-02-26,1.14,-2.00,4.213922502507949
2020-02-27,1.11,-3.00,4.105745103771404
2020-02-28,0.89,-22.00,6.0866755332955815
2020-03-02,0.88,-1.00,5.999206296709273
2020-03-03,0.77,-11.00,6.179844350020168
2020-03-04,0.75,-2.00,5.767313478726881
2020-03-05,0.67,-8.00,5.61163756763355
2020-03-06,0.58,-9.00,5.685821965958081
2020-03-09,0.46,-12.00,5.93817352069681
2020-03-10,0.63,17.00,7.573449864965295
2020-03-11,0.66,3.00,7.6132716201318305
2020-03-12,0.66,0.00,7.408810713635231
2020-03-13,0.70,4.00,7.5935436234938924
2020-03-16,0.49,-21.00,8.470958792081499
2020-03-17,0.66,17.00,9.672740292280402
2020-03-18,0.79,13.00,10.316422414217605
2020-03-19,0.66,-13.00,10.481275822014362
2020-03-20,0.52,-14.00,10.726025314515113
2020-03-23,0.38,-14.00,10.929209442938635
2020-03-24,0.52,14.00,11.57645393522065
2020-03-25,0.56,4.00,11.675982675071568
2020-03-26,0.51,-5.00,11.68332144554792
2020-03-27,0.41,-10.00,11.782755761422422
2020-03-30,0.39,-2.00,10.979417973992017
2020-03-31,0.37,-2.00,10.97529693708297
2020-04-01,0.37,0.00,10.80696424489672
2020-04-02,0.39,2.00,10.84040062517459
2020-04-03,0.39,0.00,10.748643325244972
2020-04-06,0.44,5.00,10.6833203328054
2020-04-07,0.48,4.00,10.401465098267462
2020-04-08,0.47,-1.00,9.653521439893119
2020-04-09,0.41,-6.00,9.677908077777175
2020-04-10,0.42,1.00,9.686514926874958
2020-04-13,0.44,2.00,9.643156961829261
2020-04-14,0.42,-2.00,8.522519189379
2020-04-15,0.34,-8.00,7.685174348178752
2020-04-16,0.35,1.00,6.963510335346401
2020-04-17,0.36,1.00,6.523583590109259
2020-04-20,0.35,-1.00,5.8533669594434885
2020-04-21,0.34,-1.00,5.016164347577211
2020-04-22,0.37,3.00,3.913347124174606
2020-04-23,0.37,0.00,3.7670248460125846
2020-04-24,0.36,-1.00,3.648874581879413
2020-04-27,0.41,5.00,3.178049716414132
2020-04-28,0.37,-4.00,3.2696293659184272
2020-04-29,0.36,-1.00,3.2477098157962008
2020-04-30,0.36,0.00,3.2477098157962008
2020-05-01,0.36,0.00,3.21380948853092
2020-05-04,0.36,0.00,3.21380948853092
2020-05-05,0.36,0.00,2.9912571015576366
2020-05-06,0.37,1.00,2.8393493553813887
2020-05-07,0.29,-8.00,3.275449805533795
2020-05-08,0.33,4.00,3.2167715255546194
2020-05-11,0.36,3.00,3.2885081289675506
2020-05-12,0.34,-2.00,3.26525722752507
2020-05-13,0.31,-3.00,3.295740396618749
2020-05-14,0.31,0.00,2.8157719063467077
2020-05-15,0.31,0.00,2.803908836232859
2020-05-18,0.38,7.00,3.2078772093825743
2020-05-19,0.35,-3.00,3.2710854467592165
2020-05-20,0.34,-1.00,3.2710854467592165
2020-05-21,0.35,1.00,3.2078772093825747
2020-05-22,0.34,-1.00,3.2138094885309196
2020-05-25,0.34,0.00,3.2078772093825747
2020-05-26,0.35,1.00,3.0023800083076857
2020-05-27,0.34,-1.00,2.8859264419890143
2020-05-28,0.34,0.00,2.8793187024843454
2020-05-29,0.30,-4.00,3.0023800083076857
2020-06-01,0.31,1.00,3.015041656507607
2020-06-02,0.32,1.00,3.026863849251351
2020-06-03,0.38,6.00,3.315188711140911
2020-06-04,0.40,2.00,3.3359513528484452
2020-06-05,0.47,7.00,3.102993945945008
2020-06-08,0.45,-2.00,3.075246796135686
2020-06-09,0.40,-5.00,3.2499084236182267
2020-06-10,0.33,-7.00,3.5843575501920832
2020-06-11,0.32,-1.00,3.52811834376612
2020-06-12,0.33,1.00,3.53418677922887
2020-06-15,0.33,0.00,3.53418677922887
2020-06-16,0.34,1.00,3.1720505610574223
2020-06-17,0.34,0.00,3.106061661915132
2020-06-18,0.34,0.00,3.0983866769659243
2020-06-19,0.33,-1.00,3.096849397448338
2020-06-22,0.34,1.00,3.0983866769659243
2020-06-23,0.33,-1.00,3.106061661915132
2020-06-24,0.33,0.00,3.096849397448338
2020-06-25,0.32,-1.00,3.096849397448338
2020-06-26,0.30,-2.00,3.12440470520461
2020-06-29,0.28,-2.00,3.0315798175994204
2020-06-30,0.29,1.00,3.0315798175994204
2020-07-01,0.31,2.00,3.057387618150337
2020-07-02,0.29,-2.00,2.749025801469095
2020-07-03,0.30,1.00,2.713283022816585
2020-07-06,0.31,1.00,2.142539659020606
2020-07-07,0.29,-2.00,2.142539659020606
2020-07-08,0.30,1.00,1.9395630337539187
2020-07-09,0.28,-2.00,1.3001831372834112
2020-07-10,0.30,2.00,1.3749458863810362
2020-07-13,0.30,0.00,1.3522468075656056
2020-07-14,0.28,-2.00,1.4108423691100767
2020-07-15,0.28,0.00,1.383577144320351
2020-07-16,0.28,0.00,1.383577144320351
2020-07-17,0.29,1.00,1.4108423691100767
2020-07-20,0.29,0.00,1.4006801069140324
2020-07-21,0.27,-2.00,1.4259499757471428
2020-07-22,0.27,0.00,1.4192553379450992
2020-07-23,0.27,0.00,1.4192553379450992
2020-07-24,0.27,0.00,1.4108423691100769
2020-07-27,0.30,3.00,1.5165750888102913
2020-07-28,0.26,-4.00,1.700140050253547
2020-07-29,0.25,-1.00,1.691716513457472
2020-07-30,0.23,-2.00,1.6575943555704427
2020-07-31,0.21,-2.00,1.6575943555704427
2020-08-03,0.22,1.00,1.6575943555704427
2020-08-04,0.19,-3.00,1.7196345126633161
2020-08-05,0.22,3.00,1.8529256146249573
2020-08-06,0.21,-1.00,1.832250762625793
2020-08-07,0.23,2.00,1.8682816143387304
2020-08-10,0.24,1.00,1.8205179796655833
2020-08-11,0.27,3.00,1.9566735620872917
2020-08-12,0.30,3.00,2.0224925687072703
2020-08-13,0.32,2.00,2.0644381225662114
2020-08-14,0.29,-3.00,2.1789031753657593
2020-08-17,0.29,0.00,2.1679483388678666
2020-08-18,0.27,-2.00,2.2114421065169516
2020-08-19,0.29,2.00,2.2114421065169516
2020-08-20,0.26,-3.00,2.3124919562279542
2020-08-21,0.27,1.00,2.323790007724438
2020-08-24,0.28,1.00,2.3340135063060345
2020-08-25,0.30,2.00,2.2803508501982632
2020-08-26,0.28,-2.00,2.1425396590206054
2020-08-27,0.31,3.00,2.2168188275737952
2020-08-28,0.28,-3.00,2.2782616597915464
2020-08-31,0.28,0.00,2.221110833194344
2020-09-01,0.26,-2.00,2.271982561971967
2020-09-02,0.26,0.00,2.152517905461712
2020-09-03,0.24,-2.00,2.119074371152681
2020-09-04,0.30,6.00,2.4611263391266194
2020-09-07,0.29,-1.00,2.452404068314529
2020-09-08,0.28,-1.00,2.4620935729384255
2020-09-09,0.28,0.00,2.376471974928168
2020-09-10,0.26,-2.00,2.3155787099351
2020-09-11,0.26,0.00,2.2614786566062604
2020-09-14,0.27,1.00,2.1887156486113337
2020-09-15,0.27,0.00,2.1887156486113337
2020-09-16,0.28,1.00,2.1558337244831725
2020-09-17,0.28,0.00,2.1089378956287423
2020-09-18,0.29,1.00,2.007130147392383
2020-09-21,0.27,-2.00,2.049390153191905
2020-09-22,0.27,0.00,2.036570413125701
2020-09-23,0.28,1.00,1.997617628695775
2020-09-24,0.27,-1.00,1.9615348703550972
2020-09-25,0.26,-1.00,1.841324574993809
2020-09-28,0.26,0.00,1.7292993351285748
2020-09-29,0.24,-2.00,1.7781745588959208
2020-09-30,0.28,4.00,1.9469145308605948
2020-10-01,0.27,-1.00,1.961534870355097
2020-10-02,0.28,1.00,1.9136103997169074
2020-10-05,0.33,5.00,1.7687768170606966
2020-10-06,0.32,-1.00,1.7687768170606966
2020-10-07,0.35,3.00,1.8529256146249566
2020-10-08,0.33,-2.00,1.921061214661347
2020-10-09,0.34,1.00,1.856776520645117
2020-10-12,0.33,-1.00,1.879716290649542
2020-10-13,0.31,-2.00,1.9395630337539178
2020-10-14,0.30,-1.00,1.956673562087291
2020-10-15,0.32,2.00,1.9904534061124617
2020-10-16,0.32,0.00,1.9904534061124617
2020-10-19,0.34,2.00,2.0224925687072695
2020-10-20,0.34,0.00,1.957890020745106
2020-10-21,0.36,2.00,1.9892568605242502
2020-10-22,0.38,2.00,2.0154167712670996
2020-10-23,0.37,-1.00,2.0154167712670996
2020-10-26,0.35,-2.00,2.0632844828435064
2020-10-27,0.34,-1.00,2.0850944936906304
2020-10-28,0.34,0.00,2.0154167712670996
2020-10-29,0.38,4.00,2.0154167712670996
2020-10-30,0.38,0.00,1.9904534061124617
2020-11-02,0.38,0.00,1.9904534061124617
2020-11-03,0.39,1.00,1.707127913861657
2020-11-04,0.33,-6.00,2.178903175365759
2020-11-05,0.33,0.00,2.0713464679951854
2020-11-06,0.36,3.00,2.128044038212407
2020-11-09,0.44,8.00,2.731648725935438
2020-11-10,0.46,2.00,2.7290326212082894
2020-11-11,0.43,-3.00,2.7851647809676887
2020-11-12,0.40,-3.00,2.874352929252895
2020-11-13,0.41,1.00,2.8560712276031905
2020-11-16,0.41,0.00,2.8560712276031905
2020-11-17,0.39,-2.00,2.879318702484345
2020-11-18,0.40,1.00,2.883450314169754
2020-11-19,0.39,-1.00,2.8685486624025343
2020-11-20,0.38,-1.00,2.846049894151531
2020-11-23,0.39,1.00,2.844376239261629
2020-11-24,0.39,0.00,2.8039088362328584
2020-11-25,0.39,0.00,2.7911424525588315
2020-11-26,0.38,-1.00,2.8039088362328584
2020-11-27,0.37,-1.00,2.673503141501612
2020-11-30,0.36,-1.00,2.6815063286287675
2020-12-01,0.42,6.00,2.9936440606566275
2020-12-02,0.42,0.00,2.9880715233359743
2020-12-03,0.40,-2.00,2.6894857005258967
2020-12-04,0.42,2.00,2.7124053637210634
2020-12-07,0.40,-2.00,2.6947921556039716
2020-12-08,0.39,-1.00,2.0224925687072695
2020-12-09,0.41,2.00,2.0224925687072695
2020-12-10,0.39,-2.00,1.9651729597937941
2020-12-11,0.37,-2.00,1.904880948660931
2020-12-14,0.37,0.00,1.8873009198070938
2020-12-15,0.37,0.00,1.8873009198070938
2020-12-16,0.37,0.00,1.841324574993809
2020-12-17,0.38,1.00,1.841324574993809
2020-12-18,0.39,1.00,1.8439088914585613
2020-12-21,0.39,0.00,1.829649979536793
2020-12-22,0.37,-2.00,1.86828161433873
2020-12-23,0.38,1.00,1.88351242300628
2020-12-24,0.37,-1.00,1.894855189843311
2020-12-25,0.38,1.00,1.8973665961010118
2020-12-28,0.38,0.00,1.88351242300628
2020-12-29,0.37,-1.00,1.88351242300628
2020-12-30,0.37,0.00,1.3001831372834103
2020-12-31,0.36,-1.00,1.3093073414159315
2021-01-01,0.36,0.00,1.2497618820818237
2021-01-04,0.36,0.00,1.1464230084421958
2021-01-05,0.38,2.00,1.179184544707117
2021-01-06,0.43,5.00,1.6005951274150192
2021-01-07,0.46,3.00,1.670471846657743
2021-01-08,0.49,3.00,1.6917165134574708
2021-01-11,0.50,1.00,1.5961262630565876
2021-01-12,0.50,0.00,1.5961262630565876
2021-01-13,0.48,-2.00,1.6917165134574708
2021-01-14,0.49,1.00,1.6903085094570152
2021-01-15,0.46,-3.00,1.856776520645117
2021-01-18,0.46,0.00,1.8529256146249566
2021-01-19,0.45,-1.00,1.8746428231227554
2021-01-20,0.45,0.00,1.8021151593666225
2021-01-21,0.45,0.00,1.7981471945681402
2021-01-22,0.44,-1.00,1.7981471945681402
2021-01-25,0.42,-2.00,1.8606194564995555
2021-01-26,0.42,0.00,1.8606194564995555
2021-01-27,0.41,-1.00,1.8606194564995555
2021-01-28,0.42,1.00,1.8682816143387297
2021-01-29,0.45,3.00,1.9383350734954978
2021-02-01,0.42,-3.00,2.0770858707057958
2021-02-02,0.45,3.00,2.158041440089322
2021-02-03,0.46,1.00,2.1325147238926596
2021-02-04,0.46,0.00,1.8516401995450866
2021-02-05,0.47,1.00,1.7457431218879218
2021-02-08,0.48,1.00,1.6271505915615148
2021-02-09,0.48,0.00,1.6094956323258942
2021-02-10,0.46,-2.00,1.661897939677615
2021-02-11,0.46,0.00,1.6094956323258942
2021-02-12,0.50,4.00,1.8296499795367929
2021-02-15,0.53,3.00,1.79814719456814
2021-02-16,0.57,4.00,1.965172959793794
2021-02-17,0.57,0.00,1.9383350734954974
2021-02-18,0.56,-1.00,1.965172959793794
2021-02-19,0.59,3.00,2.0330600909302388
2021-02-22,0.61,2.00,2.0154167712670996
2021-02-23,0.59,-2.00,2.0154167712670996
2021-02-24,0.62,3.00,2.060975266134697
2021-02-25,0.81,19.00,4.403461841605549
2021-02-26,0.75,-6.00,4.728334046695813
2021-03-01,0.71,-4.00,4.867286327151519
2021-03-02,0.67,-4.00,4.915476046315829
2021-03-03,0.73,6.00,5.01331560280552
2021-03-04,0.77,4.00,5.045979068714485
2021-03-05,0.79,2.00,5.035587637718441
2021-03-08,0.86,7.00,5.169968223168433
2021-03-09,0.83,-3.00,5.275730597114799
2021-03-10,0.80,-3.00,5.363012657257552
2021-03-11,0.78,-2.00,5.363012657257552
2021-03-12,0.85,7.00,5.479833157001349
2021-03-15,0.84,-1.00,5.490684752161518
2021-03-16,0.83,-1.00,5.509731650193393
2021-03-17,0.80,-3.00,5.5579201317107945
2021-03-18,0.86,6.00,5.652222487448543
2021-03-19,0.90,4.00,5.652222487448543
2021-03-22,0.87,-3.00,5.730037812557024
2021-03-23,0.83,-4.00,5.843596413820772
2021-03-24,0.83,0.00,5.807630448691736
2021-03-25,0.82,-1.00,5.809270095943121
2021-03-26,0.85,3.00,4.1306058589394254
2021-03-29,0.89,4.00,3.9539010272556494
2021-03-30,0.90,1.00,3.8066358100659086
2021-03-31,0.92,2.00,3.6416898223084164
2021-04-01,0.90,-2.00,3.5301423146814783
2021-04-02,0.97,7.00,3.721238912999136
2021-04-05,0.94,-3.00,3.809761897321886
2021-04-06,0.88,-6.00,3.793478112560574
2021-04-07,0.87,-1.00,3.736563228677485
2021-04-08,0.85,-2.00,3.7000643495047676
2021-04-09,0.87,2.00,3.6820025607192077
2021-04-12,0.89,2.00,3.385543495792767
2021-04-13,0.85,-4.00,3.4996598474164595
2021-04-14,0.87,2.00,3.515950051110611
2021-04-15,0.81,-6.00,3.7077781820949043
2021-04-16,0.84,3.00,3.5200108224941777
2021-04-19,0.85,1.00,3.4044788427123667
2021-04-20,0.81,-4.00,3.4517076519145795
2021-04-21,0.81,0.00,3.3452169123206548
2021-04-22,0.81,0.00,3.3452169123206548
2021-04-23,0.83,2.00,3.368622722659662
2021-04-26,0.85,2.00,3.331666249791528
2021-04-27,0.88,3.00,3.2783561502098872
2021-04-28,0.86,-2.00,3.295740396618749
2021-04-29,0.86,0.00,3.2579572916607824
2021-04-30,0.86,0.00,3.234486784932767
2021-05-03,0.84,-2.00,2.8013602138280955
2021-05-04,0.82,-2.00,2.767154288640733
2021-05-05,0.80,-2.00,2.4995237641636843
2021-05-06,0.81,1.00,2.512824250576562
2021-05-07,0.77,-4.00,2.6167955685568933
2021-05-10,0.80,3.00,2.6708300832013405
2021-05-11,0.80,0.00,2.6186146828318986
2021-05-12,0.87,7.00,2.9479613617678466
2021-05-13,0.84,-3.00,2.988071523335975
2021-05-14,0.82,-2.00,2.7106491930198184
2021-05-17,0.84,2.00,2.6645825188948353
2021-05-18,0.83,-1.00,2.662794808181084
2021-05-19,0.87,4.00,2.6484496812825533
2021-05-20,0.83,-4.00,2.808999143908046
2021-05-21,0.84,1.00,2.815771906346708
2021-05-24,0.82,-2.00,2.819152185962828
2021-05-25,0.79,-3.00,2.8485585327118805
2021-05-26,0.80,1.00,2.765432886117288
2021-05-27,0.81,1.00,2.7550818845319527
2021-05-28,0.79,-2.00,2.7808871486152182
2021-05-31,0.80,1.00,2.7954043919056972
2021-06-01,0.81,1.00,2.780030832305889
2021-06-02,0.80,-1.00,2.7550818845319527
2021-06-03,0.84,4.00,2.8569047519832904
2021-06-04,0.78,-6.00,3.150963571444674
2021-06-07,0.79,1.00,3.031579817599421
2021-06-08,0.77,-2.00,2.988071523335975
2021-06-09,0.75,-2.00,3.015041656507607
2021-06-10,0.73,-2.00,2.5364016506328957
2021-06-11,0.76,3.00,2.597617956439898
2021-06-14,0.80,4.00,2.736873433404646
2021-06-15,0.79,-1.00,2.7000881819814953
2021-06-16,0.89,10.00,3.4948942350642973
2021-06-17,0.90,1.00,3.39537500558795
2021-06-18,0.89,-1.00,3.2732683535398777
2021-06-21,0.90,1.00,3.2732683535398777
2021-06-22,0.87,-3.00,3.315188711140911
2021-06-23,0.90,3.00,3.2805342189809124
2021-06-24,0.90,0.00,3.2805342189809124
2021-06-25,0.92,2.00,3.295740396618749
2021-06-28,0.90,-2.00,3.295740396618749
2021-06-29,0.89,-1.00,3.3101575275419752
2021-06-30,0.87,-2.00,3.3487737627802896
2021-07-01,0.89,2.00,3.355166591563346
2021-07-02,0.86,-3.00,3.3302366568272794
2021-07-05,0.83,-3.00,3.1129529695252605
2021-07-06,0.81,-2.00,3.1449127476729997
2021-07-07,0.79,-2.00,3.1449127476729997
2021-07-08,0.74,-5.00,3.308718641350303
2021-07-09,0.79,5.00,3.4517076519145795
2021-07-12,0.81,2.00,3.4191338362918957
2021-07-13,0.85,4.00,3.4191338362918957
2021-07-14,0.80,-5.00,3.59828001239745
2021-07-15,0.78,-2.00,2.80390883623286
2021-07-16,0.79,1.00,2.80390883623286
2021-07-19,0.70,-9.00,3.3601303829578013
2021-07-20,0.69,-1.00,3.331666249791529
2021-07-21,0.74,5.00,3.5422618547502944
2021-07-22,0.71,-3.00,3.4771362053385455
2021-07-23,0.72,1.00,3.496937435610105
2021-07-26,0.73,1.00,3.4627266987846643
2021-07-27,0.71,-2.00,3.4627266987846643
2021-07-28,0.72,1.00,3.48739225810701
2021-07-29,0.73,1.00,3.4976182372199056
2021-07-30,0.69,-4.00,3.513917905645918
2021-08-02,0.66,-3.00,3.513917905645918
2021-08-03,0.65,-1.00,3.4826098587943175
2021-08-04,0.67,2.00,3.52609321109543
2021-08-05,0.72,5.00,3.719318934070226
2021-08-06,0.77,5.00,3.7321001364608875
2021-08-09,0.79,2.00,3.5916569992135865
2021-08-10,0.82,3.00,3.6259645678934858
2021-08-11,0.81,-1.00,3.515950051110611
2021-08-12,0.83,2.00,3.365794323569308
2021-08-13,0.79,-4.00,3.4565328072533887
2021-08-16,0.75,-4.00,3.558357031258205
2021-08-17,0.77,2.00,2.9552213679068573
2021-08-18,0.79,2.00,2.96005147960381
2021-08-19,0.78,-1.00,2.7860195192971466
2021-08-20,0.80,2.00,2.7124053637210643
2021-08-23,0.78,-2.00,2.7593995205996644
2021-08-24,0.80,2.00,2.780887148615218
2021-08-25,0.84,4.00,2.8368325730678907
2021-08-26,0.84,0.00,2.838510675890228
2021-08-27,0.79,-5.00,3.0845235797908335
2021-08-30,0.77,-2.00,2.974494755016218
2021-08-31,0.77,0.00,2.8743529292528964
2021-09-01,0.78,1.00,2.8544034486419387
2021-09-02,0.78,0.00,2.8393493553813887
2021-09-03,0.78,0.00,2.6484496812825538
2021-09-06,0.80,2.00,2.45531493470214
2021-09-07,0.82,2.00,2.45531493470214
2021-09-08,0.81,-1.00,2.3764719749281693
2021-09-09,0.79,-2.00,2.406340830072942
2021-09-10,0.82,3.00,2.4591907302238663
2021-09-13,0.81,-1.00,2.300103517339195
2021-09-14,0.79,-2.00,2.1591444513752913
2021-09-15,0.81,2.00,2.1591444513752913
2021-09-16,0.84,3.00,2.2114421065169525
2021-09-17,0.88,4.00,2.337071834990253
2021-09-20,0.83,-5.00,2.5939490026928773
2021-09-21,0.84,1.00,2.5523098781859654
2021-09-22,0.86,2.00,2.5523098781859654
2021-09-23,0.94,8.00,2.96005147960381
2021-09-24,0.97,3.00,3.0079260375911825
2021-09-27,0.98,1.00,2.7185430271518842
2021-09-28,1.02,4.00,2.7132830228165843
2021-09-29,1.01,-1.00,2.743824234270732
2021-09-30,0.98,-3.00,2.889224644713351
2021-10-01,0.93,-5.00,3.1645356237978515
2021-10-04,0.95,2.00,3.172050561057422
2021-10-05,0.98,3.00,3.19821378718987
2021-10-06,0.99,1.00,3.187774264577827
2021-10-07,1.02,3.00,3.193743884534253
2021-10-08,1.05,3.00,3.1449127476729988
2021-10-11,1.06,1.00,3.1190657942036695
2021-10-12,1.08,2.00,3.0845235797908326
2021-10-13,1.09,1.00,2.99284861914912
2021-10-14,1.05,-4.00,3.213809488530919
2021-10-15,1.13,8.00,3.5281183437661197
2021-10-18,1.16,3.00,3.4976182372199047
2021-10-19,1.17,1.00,3.18553277296263
2021-10-20,1.16,-1.00,3.234486784932766
2021-10-21,1.23,7.00,3.4482569786018167
2021-10-22,1.22,-1.00,3.183289703016876
2021-10-25,1.19,-3.00,3.2935723838438693
2021-10-26,1.20,1.00,3.2935723838438693
2021-10-27,1.16,-4.00,3.3960761671866657
2021-10-28,1.18,2.00,3.3855434957927657
2021-10-29,1.18,0.00,3.2783561502098864
2021-11-01,1.20,2.00,2.9856801091687055
2021-11-02,1.15,-5.00,3.2783561502098864
2021-11-03,1.19,4.00,3.316624790355391
2021-11-04,1.10,-9.00,3.970126542303747
2021-11-05,1.04,-6.00,4.170188987381284
2021-11-08,1.13,9.00,4.565919299288916
2021-11-09,1.08,-5.00,4.710676829339509
2021-11-10,1.23,15.00,5.719640348333596
2021-11-11,1.23,0.00,5.721305212391075
2021-11-12,1.24,1.00,5.620540560344364
2021-11-15,1.26,2.00,5.389584311207961
2021-11-16,1.27,1.00,5.363012657257552
2021-11-17,1.24,-3.00,5.416025603090635
2021-11-18,1.22,-2.00,5.432705193021765
2021-11-19,1.22,0.00,5.210337709555781
2021-11-22,1.33,11.00,5.732530397817764
2021-11-23,1.33,0.00,5.677440737985141
2021-11-24,1.34,1.00,5.677440737985141
2021-11-25,1.25,-9.00,5.979727657439158
2021-11-26,1.16,-9.00,6.307969260425746
2021-11-29,1.18,2.00,6.324555320336755
2021-11-30,1.14,-4.00,6.3650833234362025
2021-12-01,1.15,1.00,6.276941930590081
2021-12-02,1.21,6.00,6.355350202032625
2021-12-03,1.13,-8.00,6.287175154914277
2021-12-06,1.21,8.00,6.345226927534168
2021-12-07,1.26,5.00,6.143909101510127
2021-12-08,1.27,1.00,6.007534951248817
2021-12-09,1.26,-1.00,5.0723339232124065
2021-12-10,1.25,-1.00,5.078432454062584
2021-12-13,1.21,-4.00,5.150589425354283
2021-12-14,1.23,2.00,5.150589425354283
2021-12-15,1.26,3.00,5.191109616220696
2021-12-16,1.19,-7.00,5.374986157235767
2021-12-17,1.18,-1.00,5.36301265725755
2021-12-20,1.17,-1.00,5.3656757440676675
2021-12-21,1.24,7.00,5.005711024134612
2021-12-22,1.23,-1.00,5.006186648728221
2021-12-23,1.25,2.00,5.025648501153138
2021-12-24,1.25,0.00,4.626013402488144
2021-12-27,1.26,1.00,4.142692935990391
2021-12-28,1.27,1.00,4.130029401486482
2021-12-29,1.29,2.00,4.014260294784786
2021-12-30,1.27,-2.00,4.056740422696871
2021-12-31,1.26,-1.00,3.8717536324611515
2022-01-03,1.37,11.00,4.065534580909546
2022-01-04,1.37,0.00,3.7537283053620323
2022-01-05,1.43,6.00,3.816006389133106
2022-01-06,1.47,4.00,3.879126067507857
2022-01-07,1.50,3.00,3.8766701469910165
2022-01-10,1.53,3.00,3.8643671323171733
2022-01-11,1.51,-2.00,3.749285646245532
2022-01-12,1.50,-1.00,3.7834224868874524
2022-01-13,1.47,-3.00,3.8729833462074064
2022-01-14,1.55,8.00,3.7032803990901946
2022-01-17,1.60,5.00,3.714835124201331
2022-01-18,1.65,5.00,3.7032803990901946
2022-01-19,1.62,-3.00,3.7097041340118593
2022-01-20,1.62,0.00,3.678120638120961
2022-01-21,1.54,-8.00,4.260002235635443
2022-01-24,1.53,-1.00,4.281744192888366
2022-01-25,1.56,3.00,4.296177703161588
2022-01-26,1.66,10.00,4.682795258023924
2022-01-27,1.66,0.00,4.700050658288282
2022-01-28,1.61,-5.00,4.862881763688993
2022-01-31,1.62,1.00,4.828486896977731
2022-02-01,1.63,1.00,4.334798287172785
2022-02-02,1.60,-3.00,4.426112988896252
2022-02-03,1.66,6.00,4.426112988896252
2022-02-04,1.78,12.00,4.9961890238365365
2022-02-07,1.76,-2.00,5.038896326625118
2022-02-08,1.81,5.00,5.092478113191381
2022-02-09,1.82,1.00,5.036060440652463
2022-02-10,1.96,14.00,5.6887524785232735
2022-02-11,1.84,-12.00,6.394566145601757
2022-02-14,1.90,6.00,6.311365409587156
2022-02-15,1.94,4.00,6.288689771933337
2022-02-16,1.90,-4.00,6.353101979498258
2022-02-17,1.85,-5.00,6.4335430511092495
2022-02-18,1.82,-3.00,6.492119765347754
2022-02-21,1.83,1.00,6.1601638815553414
2022-02-22,1.85,2.00,6.1369295874977
2022-02-23,1.89,4.00,6.152815847816574
2022-02-24,1.84,-5.00,5.994044663544922
2022-02-25,1.86,2.00,5.9956333316522095
2022-02-28,1.71,-15.00,6.830951966007716
2022-03-01,1.56,-15.00,7.616710951210216
2022-03-02,1.74,18.00,8.6001107412582
2022-03-03,1.74,0.00,8.563488385776749
2022-03-04,1.65,-9.00,8.72052859909415
2022-03-07,1.71,6.00,8.398412548412542
2022-03-08,1.80,9.00,8.629131170743939
2022-03-09,1.87,7.00,8.695647515526698
2022-03-10,1.92,5.00,8.755678429562423
2022-03-11,1.96,4.00,8.240145629781061
2022-03-14,2.10,14.00,8.300028686123687
2022-03-15,2.10,0.00,8.230894182749465
2022-03-16,2.18,8.00,8.35036355068277
2022-03-17,2.17,-1.00,8.283374053746797
2022-03-18,2.14,-3.00,8.218735854595826
2022-03-21,2.33,19.00,8.997618732594907
2022-03-22,2.39,6.00,9.024041962077375
2022-03-23,2.34,-5.00,9.177871939253308
2022-03-24,2.37,3.00,9.171384067537769
2022-03-25,2.55,18.00,9.62016730871241
2022-03-28,2.54,-1.00,9.663874802090314
2022-03-29,2.49,-5.00,8.939479051616244
2022-03-30,2.44,-5.00,8.12169346638401
2022-03-31,2.42,-2.00,7.5756502156894845
2022-04-01,2.55,13.00,7.8248687802781305
2022-04-04,2.56,1.00,7.289261508090739
2022-04-05,2.69,13.00,7.525512164187449
2022-04-06,2.70,1.00,7.497618669570069
2022-04-07,2.70,0.00,7.526461256634421
2022-04-08,2.76,6.00,7.536577472566704
2022-04-11,2.79,3.00,7.5397360064937935
2022-04-12,2.66,-13.00,8.027037643697286
2022-04-13,2.66,0.00,8.027037643697286
2022-04-14,2.79,13.00,8.263805188318281
2022-04-15,2.79,0.00,8.24303457760666
2022-04-18,2.79,0.00,8.160298780711166
2022-04-19,2.91,12.00,7.60200474812244
2022-04-20,2.87,-4.00,7.701576832979442
2022-04-21,2.96,9.00,7.645104253548083
2022-04-22,2.94,-2.00,7.721028798954557
2022-04-25,2.84,-10.00,7.358506577262739
2022-04-26,2.79,-5.00,7.474082201976689
2022-04-27,2.81,2.00,7.339067022578871
2022-04-28,2.86,5.00,7.218032973047432
2022-04-29,2.92,6.00,7.207469670253146
2022-05-02,3.01,9.00,6.961458522601762
2022-05-03,3.01,0.00,6.973418919624101
2022-05-04,2.93,-8.00,6.843140465354439
2022-05-05,3.01,8.00,7.004420373014794
2022-05-06,3.06,5.00,7.036638808002415
2022-05-09,2.95,-11.00,7.4826784102001955
2022-05-10,2.91,-4.00,7.540367554512366
2022-05-11,2.89,-2.00,6.905829145763463
2022-05-12,2.81,-8.00,7.184308297552775
2022-05-13,2.89,8.00,6.830951966007717
2022-05-16,2.83,-6.00,6.975808538220118
2022-05-17,2.96,13.00,7.514113704350281
2022-05-18,2.89,-7.00,7.238126566348237
2022-05-19,2.84,-5.00,7.268326590665238
2022-05-20,2.80,-4.00,6.999319694832928
2022-05-23,2.88,8.00,7.24667411398399
2022-05-24,2.76,-12.00,7.392402792571505
2022-05-25,2.71,-5.00,7.392402792571505
2022-05-26,2.70,-1.00,7.3730526081064065
2022-05-27,2.71,1.00,7.274220625901145
2022-05-30,2.76,5.00,7.2312154020244845
2022-05-31,2.81,5.00,7.01053628816077
2022-06-01,2.94,13.00,7.644169891710496
2022-06-02,2.92,-2.00,7.453027508846253
2022-06-03,2.95,3.00,7.260460434041746
2022-06-06,3.03,8.00,7.397876143094813
2022-06-07,2.99,-4.00,7.032915807963629
2022-06-08,3.03,4.00,7.01121550497079
2022-06-09,3.07,4.00,7.023430175389471
2022-06-10,3.25,18.00,7.647906654142435
2022-06-13,3.56,31.00,9.862145038575772
2022-06-14,3.61,5.00,9.639205657847832
2022-06-15,3.38,-23.00,11.009087155618305
2022-06-16,3.35,-3.00,10.87942575515384
2022-06-17,3.34,-1.00,10.781818911835748
2022-06-20,3.36,2.00,10.6833203328054
2022-06-21,3.38,2.00,10.613558265144588
2022-06-22,3.22,-16.00,10.9161304848332
2022-06-23,3.14,-8.00,11.03393035357841
2022-06-24,3.18,4.00,11.018815077597303
2022-06-27,3.24,6.00,11.043636392144785
2022-06-28,3.25,1.00,11.033282980751164
2022-06-29,3.15,-10.00,11.333473388490352
2022-06-30,3.01,-14.00,11.507968253924464
2022-07-01,2.88,-13.00,11.864312232991203
2022-07-04,2.85,-3.00,11.855880598331982
2022-07-05,2.82,-3.00,11.704699910719622
2022-07-06,2.96,14.00,12.125533861590235
2022-07-07,3.05,9.00,12.25930161919822
2022-07-08,3.13,8.00,12.353715461928273
2022-07-11,3.05,-8.00,11.779117923156173
2022-07-12,3.01,-4.00,9.23296371960916
2022-07-13,3.02,1.00,9.108342591377681
2022-07-14,3.06,4.00,7.947446430263289
2022-07-15,3.05,-1.00,7.94085277896164
2022-07-18,3.06,1.00,7.958224257542211
2022-07-19,3.14,8.00,8.18826105150654
2022-07-20,3.18,4.00,8.236966616881423
2022-07-21,3.00,-18.00,8.42897497016209
2022-07-22,2.87,-13.00,8.701395618766318
2022-07-25,2.89,2.00,8.65145184622899
2022-07-26,2.89,0.00,8.493134482235241
2022-07-27,2.82,-7.00,8.546789984995478
2022-07-28,2.69,-13.00,8.709873980828007
2022-07-29,2.70,1.00,8.298307343181783
2022-08-01,2.66,-4.00,7.896050851382545
2022-08-02,2.85,19.00,9.005553841935539
2022-08-03,2.86,1.00,8.981197290000075
2022-08-04,2.76,-10.00,8.657229293926493
2022-08-05,2.97,21.00,9.682335412885623
2022-08-08,2.91,-6.00,9.557594835920751
2022-08-09,2.97,6.00,9.536646111061215
2022-08-10,2.93,-4.00,9.536646111061215
2022-08-11,2.98,5.00,9.605306073306812
2022-08-12,2.97,-1.00,9.558093055476224
2022-08-15,2.91,-6.00,9.635005621863087
2022-08-16,2.95,4.00,9.683073105264913
2022-08-17,3.04,9.00,9.729434966220017
2022-08-18,3.02,-2.00,9.679384081152898
2022-08-19,3.11,9.00,9.047756891180526
2022-08-22,3.17,6.00,8.56487844964205
2022-08-23,3.18,1.00,8.564322451170261
2022-08-24,3.20,2.00,8.559316839672702
2022-08-25,3.15,-5.00,8.470958792081495
2022-08-26,3.20,5.00,7.80750554640487
2022-08-29,3.27,7.00,7.862206160759564
2022-08-30,3.27,0.00,7.738893731695514
2022-08-31,3.30,3.00,6.806509489347045
2022-09-01,3.39,9.00,6.961458522601761
2022-09-02,3.30,-9.00,6.8743830892046445
2022-09-05,3.37,7.00,5.548916668186334
2022-09-06,3.43,6.00,5.306779132572289
2022-09-07,3.37,-6.00,5.548916668186334
2022-09-08,3.39,2.00,5.381626590716295
2022-09-09,3.45,6.00,5.412067644669284
2022-09-12,3.47,2.00,5.3616806178304754
2022-09-13,3.58,11.00,5.316192694203691
2022-09-14,3.60,2.00,5.318879223151821
2022-09-15,3.66,6.00,5.191109616220696
2022-09-16,3.62,-4.00,5.303637565725185
2022-09-19,3.69,7.00,5.204851216939455
2022-09-20,3.75,6.00,5.204851216939455
2022-09-21,3.74,-1.00,5.256741703121172
2022-09-22,3.91,17.00,6.111269839208459
2022-09-23,3.96,5.00,5.807630448691736
2022-09-26,4.15,19.00,6.682956289091281
2022-09-27,4.21,6.00,6.667976061887498
2022-09-28,3.92,-29.00,9.873726560446979
2022-09-29,3.98,6.00,9.893961602435908
2022-09-30,4.06,8.00,9.867213627053216
2022-10-03,3.90,-16.00,10.403296180950122
2022-10-04,3.84,-6.00,10.53045470008186
2022-10-05,3.96,12.00,10.717364636976047
2022-10-06,4.05,9.00,10.620286069145036
2022-10-07,4.14,9.00,10.68911328675783
2022-10-10,4.14,0.00,10.701134786287184
2022-10-11,4.14,0.00,10.722028948007214
2022-10-12,4.12,-2.00,10.62342425290183
2022-10-13,4.21,9.00,10.714031743021676
2022-10-14,4.25,4.00,10.694012566006489
2022-10-17,4.24,-1.00,10.618268175536864
2022-10-18,4.21,-3.00,10.651849828170914
2022-10-19,4.35,14.00,10.923761780109057
2022-10-20,4.45,10.00,10.993071411012437
2022-10-21,4.34,-11.00,10.956624436733195
2022-10-24,4.36,2.00,10.935743056165691
2022-10-25,4.25,-11.00,10.543334613010474
2022-10-26,4.20,-5.00,10.528419589265
2022-10-27,4.09,-11.00,8.611730648476223
2022-10-28,4.19,10.00,8.774964387392119
2022-10-31,4.27,8.00,8.774964387392119
2022-11-01,4.27,0.00,7.873403088276132
2022-11-02,4.30,3.00,7.672151247329833
2022-11-03,4.36,6.00,7.395300953340312
2022-11-04,4.33,-3.00,7.282398872166594
2022-11-07,4.39,6.00,7.152755046966498
2022-11-08,4.31,-8.00,7.42710608258053
2022-11-09,4.27,-4.00,7.499841268161547
2022-11-10,3.95,-32.00,10.342238866024354
2022-11-11,3.98,3.00,10.138563813010013
2022-11-14,4.00,2.00,10.097618766912559
2022-11-15,3.93,-7.00,10.176536972954244
2022-11-16,3.83,-10.00,10.342238866024354
2022-11-17,3.93,10.00,10.069756700139282
2022-11-18,3.99,6.00,9.867213627053218
2022-11-21,3.97,-2.00,9.658699508240028
2022-11-22,3.93,-4.00,9.630556528447306
2022-11-23,3.88,-5.00,9.438775142489419
2022-11-24,3.87,-1.00,9.410480479611167
2022-11-25,3.85,-2.00,9.16125381312904
2022-11-28,3.88,3.00,8.857872473788767
2022-11-29,3.92,4.00,8.685236515681844
2022-11-30,3.82,-10.00,8.86163480564232
2022-12-01,3.68,-14.00,9.14043866822698
2022-12-02,3.67,-1.00,8.922683773074425
2022-12-05,3.80,13.00,9.605306073306812
2022-12-06,3.73,-7.00,9.446087625497203
2022-12-07,3.62,-11.00,9.545380333663278
2022-12-08,3.71,9.00,9.911273043021936
2022-12-09,3.75,4.00,7.3720837656404195
2022-12-12,3.80,5.00,7.438317782171679
2022-12-13,3.66,-14.00,7.9339535571881825
2022-12-14,3.64,-2.00,7.838853171709432
2022-12-15,3.62,-2.00,7.589466384404108
2022-12-16,3.61,-1.00,7.15974194799678
2022-12-19,3.70,9.00,7.344904291249751
2022-12-20,3.79,9.00,7.683005364346129
2022-12-21,3.78,-1.00,7.649463099740116
2022-12-22,3.79,1.00,7.593230067444474
2022-12-23,3.86,7.00,7.761933975989425
2022-12-26,3.90,4.00,7.796824750529932
2022-12-27,3.94,4.00,7.8175626453700815
2022-12-28,3.97,3.00,7.796824750529932
2022-12-29,3.94,-3.00,7.480450712165866
2022-12-30,3.99,5.00,6.742544383384118
2023-01-02,3.96,-3.00,6.79320388679885
2023-01-03,3.94,-2.00,6.279596590015419
2023-01-04,3.85,-9.00,6.415383297757259
2023-01-05,3.90,5.00,5.901977069875253
2023-01-06,3.69,-21.00,7.395300953340312
2023-01-09,3.66,-3.00,7.359153678049046
2023-01-10,3.72,6.00,7.399163401873146
2023-01-11,3.66,-6.00,6.8483574673055685
2023-01-12,3.53,-13.00,7.406882256516888
2023-01-13,3.60,7.00,7.5756502156894845
2023-01-16,3.60,0.00,7.572821075901569
2023-01-17,3.60,0.00,7.284360285015061
2023-01-18,3.43,-17.00,7.785517690833774
2023-01-19,3.48,5.00,7.921940599193028
2023-01-20,3.56,8.00,8.172544046407834
2023-01-23,3.61,5.00,8.0846709742515
2023-01-24,3.58,-3.00,8.003868112475661
2023-01-25,3.54,-4.00,7.917731757926391
2023-01-26,3.58,4.00,7.9516395434257054
2023-01-27,3.62,4.00,8.047478161629561
2023-01-30,3.68,6.00,8.090853154142936
2023-01-31,3.63,-5.00,8.121400301496214
2023-02-01,3.48,-15.00,8.634923552753937
2023-02-02,3.49,1.00,8.51553202767071
2023-02-03,3.67,18.00,9.449363798186422
2023-02-06,3.81,14.00,8.829334225021883
2023-02-07,3.85,4.00,8.81989093982891
2023-02-08,3.82,-3.00,8.77849102989259
2023-02-09,3.87,5.00,8.700574693662478
2023-02-10,3.93,6.00,8.141896351003009
2023-02-13,3.93,0.00,8.065800819332374
2023-02-14,4.00,7.00,8.141896351003009
2023-02-15,4.04,4.00,8.141896351003009
2023-02-16,4.06,2.00,6.870225614927062
2023-02-17,4.03,-3.00,6.974784516214029
2023-02-20,4.10,7.00,6.939534772385161
2023-02-21,4.16,6.00,6.960432389415112
2023-02-22,4.13,-3.00,6.960432389415112
2023-02-23,4.09,-4.00,6.960432389415112
2023-02-24,4.19,10.00,7.140761597370137
2023-02-27,4.17,-2.00,7.214403582252587
2023-02-28,4.18,1.00,7.1796670568779835
2023-03-01,4.27,9.00,7.109684876815495
2023-03-02,4.32,5.00,5.787918451395106
2023-03-03,4.26,-6.00,6.159004248523722
2023-03-06,4.27,1.00,5.227673615344721
2023-03-07,4.31,4.00,4.57685689612631
2023-03-08,4.34,3.00,4.564354645876374
2023-03-09,4.22,-12.00,5.430513437095621
2023-03-10,3.96,-26.00,8.102909530356534
2023-03-13,3.68,-28.00,10.087710580796054
2023-03-14,3.78,10.00,10.378549306829237
2023-03-15,3.59,-19.00,10.94749373361862
2023-03-16,3.72,13.00,11.360541569921068
2023-03-17,3.44,-28.00,12.702268263881807
2023-03-20,3.56,12.00,13.114513951743545
2023-03-21,3.73,17.00,13.637832532718537
2023-03-22,3.54,-19.00,14.012409466170297
2023-03-23,3.39,-15.00,14.25699494149818
2023-03-24,3.41,2.00,14.307007939834104
2023-03-27,3.59,18.00,14.77594570335758
2023-03-28,3.63,4.00,14.851166380360258
2023-03-29,3.67,4.00,14.901581891099442
2023-03-30,3.66,-1.00,14.676187386050783
2023-03-31,3.60,-6.00,14.575909675116089
2023-04-03,3.52,-8.00,14.600065231426356
2023-04-04,3.39,-13.00,14.702445536777368
2023-04-05,3.36,-3.00,14.586360230088408
2023-04-06,3.37,1.00,14.541238566491472
2023-04-07,3.49,12.00,14.87151319677674
2023-04-10,3.52,3.00,13.996087888780785
2023-04-11,3.54,2.00,12.689890989812849
2023-04-12,3.46,-8.00,12.540410868943042
2023-04-13,3.51,5.00,11.94770350517701
2023-04-14,3.60,9.00,11.754026665664105
2023-04-17,3.69,9.00,10.09266588973918
2023-04-18,3.69,0.00,9.785071233650731
2023-04-19,3.71,2.00,9.049335676748663
2023-04-20,3.63,-8.00,8.176621726430962
2023-04-21,3.66,3.00,7.383379017379897
2023-04-24,3.60,-6.00,7.549203679228439
2023-04-25,3.43,-17.00,7.44919298920871
2023-04-26,3.46,3.00,7.420370931557583
2023-04-27,3.60,14.00,8.03948588737696
2023-04-28,3.51,-9.00,8.259194011178433
2023-05-01,3.64,13.00,8.68112347348572
2023-05-02,3.46,-18.00,9.397568074469357
2023-05-03,3.37,-9.00,9.164631808778582
2023-05-04,3.29,-8.00,9.307702903151418
2023-05-05,3.41,12.00,9.688235379154698
2023-05-08,3.49,8.00,9.481561052906846
2023-05-09,3.51,2.00,9.468242658889718
2023-05-10,3.37,-14.00,9.92783484763444
2023-05-11,3.36,-1.00,9.790909291884219
2023-05-12,3.45,9.00,9.940537496246654
2023-05-15,3.46,1.00,9.717681479310448
2023-05-16,3.52,6.00,9.58967698944572
2023-05-17,3.58,6.00,9.703705723171161
2023-05-18,3.69,11.00,10.014513277762239
2023-05-19,3.76,7.00,9.957289744082926
2023-05-22,3.77,1.00,9.942932402561366
2023-05-23,3.76,-1.00,9.838215091696062
2023-05-24,3.75,-1.00,8.975628376994267
2023-05-25,3.90,15.00,9.444070954332998
2023-05-26,3.92,2.00,9.042228970884597
2023-05-29,3.87,-5.00,8.849535903892683
2023-05-30,3.81,-6.00,8.60592265604942
2023-05-31,3.74,-7.00,7.689820110596431
2023-06-01,3.70,-4.00,7.426785499604983
2023-06-02,3.84,14.00,7.559604424017109
2023-06-05,3.82,-2.00,7.303945443910369
2023-06-06,3.85,3.00,7.177345311066321
2023-06-07,3.93,8.00,7.307530362578044
2023-06-08,3.87,-6.00,6.606634472075706
2023-06-09,3.92,5.00,6.5828058860438325
2023-06-12,3.89,-3.00,6.526137923035046
2023-06-13,4.01,12.00,6.866412385490624
2023-06-14,4.06,5.00,6.8452277432633934
2023-06-15,3.91,-15.00,7.788269567570375
2023-06-16,3.99,8.00,7.632636691022497
2023-06-19,3.98,-1.00,7.539736006493797
2023-06-20,3.96,-2.00,7.569047244566266
2023-06-21,3.95,-1.00,7.569047244566266
2023-06-22,4.03,8.00,7.709301740970664
2023-06-23,3.99,-4.00,7.117383146715008
2023-06-26,3.96,-3.00,7.145761314367053
2023-06-27,4.02,6.00,7.149425551349262
2023-06-28,3.97,-5.00,7.105665077279971
2023-06-29,4.14,17.00,7.700030921397406
2023-06-30,4.13,-1.00,7.612333351057286
2023-07-03,4.19,6.00,7.171703656268385
2023-07-04,4.22,3.00,7.126743729816317
2023-07-05,4.25,3.00,7.126743729816317
2023-07-06,4.37,12.00,7.347821186615539
2023-07-07,4.35,-2.00,7.177345311066322
2023-07-10,4.25,-10.00,7.626083061253847
2023-07-11,4.24,-1.00,7.578478299324563
2023-07-12,4.07,-17.00,8.216707717467239
2023-07-13,3.93,-14.00,8.703310809549375
2023-07-14,4.04,11.00,8.399263006217808
2023-07-17,4.02,-2.00,8.241879119992685
2023-07-18,4.00,-2.00,8.251695352500366
2023-07-19,3.98,-2.00,8.251695352500366
2023-07-20,4.08,10.00,8.52335726387314
2023-07-21,4.09,1.00,8.355494342903098
2023-07-24,4.13,4.00,8.332666639997864
2023-07-25,4.15,2.00,8.294002422864137
2023-07-26,4.09,-6.00,8.338664961091391
2023-07-27,4.24,15.00,8.826906916598006
2023-07-28,4.18,-6.00,8.183025403963056
2023-07-31,4.18,0.00,8.178659804055684
2023-08-01,4.24,6.00,8.178659804055684
2023-08-02,4.24,0.00,8.154169252013117
2023-08-03,4.30,6.00,8.233497202919072
2023-08-04,4.15,-15.00,8.411160386511424
2023-08-07,4.16,1.00,8.419648222489831
2023-08-08,4.10,-6.00,8.247077404407314
2023-08-09,4.12,2.00,8.2678378586631
2023-08-10,4.21,9.00,7.604823031033221
2023-08-11,4.31,10.00,7.075443785509481
2023-08-14,4.36,5.00,6.801610453554712
2023-08-15,4.36,0.00,6.763698621879823
2023-08-16,4.42,6.00,6.774953874381727
2023-08-17,4.42,0.00,6.7298199225890265
2023-08-18,4.38,-4.00,6.599783546234136
2023-08-21,4.46,8.00,6.752071992394346
2023-08-22,4.49,3.00,6.7390122209627785
2023-08-23,4.36,-13.00,7.463243262818114
2023-08-24,4.39,3.00,7.297749163758838
2023-08-25,4.44,5.00,6.66690475765321
2023-08-28,4.38,-6.00,6.66690475765321
2023-08-29,4.26,-12.00,7.242072841916118
2023-08-30,4.27,1.00,7.129415924784539
2023-08-31,4.23,-4.00,7.186627793869598
2023-09-01,4.29,6.00,7.186627793869598
2023-09-04,4.33,4.00,6.3583465955051075
2023-09-05,4.37,4.00,6.3953107821277895
2023-09-06,4.44,7.00,6.312497053276067
2023-09-07,4.38,-6.00,6.526137923035044
2023-09-08,4.39,1.00,6.279217421667401
2023-09-11,4.40,1.00,5.920907266386024
2023-09-12,4.41,1.00,5.830135177718965
2023-09-13,4.39,-2.00,5.850518902505263
2023-09-14,4.42,3.00,5.735852159879991
2023-09-15,4.45,3.00,5.773090284117457
2023-09-18,4.46,1.00,5.696281159460004
2023-09-19,4.51,5.00,5.530865772234593
2023-09-20,4.52,1.00,5.498051602938208
2023-09-21,4.61,9.00,4.935778030048023
2023-09-22,4.57,-4.00,5.042675027063653
2023-09-25,4.62,5.00,5.042675027063653
2023-09-26,4.62,0.00,4.7988093761444
2023-09-27,4.67,5.00,3.8010023740612207
2023-09-28,4.62,-5.00,4.090639721771317
2023-09-29,4.60,-2.00,3.973723215131645
2023-10-02,4.72,12.00,4.477456761111048
2023-10-03,4.80,8.00,4.646555303714375
2023-10-04,4.72,-8.00,5.131601439446883
2023-10-05,4.68,-4.00,5.121383741585023
2023-10-06,4.75,7.00,4.999047528327389
2023-10-09,4.69,-6.00,5.277986629117475
2023-10-10,4.62,-7.00,5.589956980837959
2023-10-11,4.59,-3.00,5.659379067404075
2023-10-12,4.69,10.00,5.95459006625501
2023-10-13,4.65,-4.00,6.057266395865066
2023-10-16,4.72,7.00,6.181770435262515
2023-10-17,4.86,14.00,6.7742509689615265
2023-10-18,4.92,6.00,6.800560201014255
2023-10-19,4.95,3.00,6.800560201014255
2023-10-20,4.86,-9.00,7.0115550887021305
2023-10-23,4.81,-5.00,7.051848795072921
2023-10-24,4.82,1.00,6.996257502952491
2023-10-25,4.89,7.00,7.114371772285005
2023-10-26,4.79,-10.00,7.467070567307023
2023-10-27,4.76,-3.00,7.404953297174352
2023-10-30,4.80,4.00,7.4126661227670985
2023-10-31,4.82,2.00,6.97580853822012
2023-11-01,4.67,-15.00,7.519815093977976
2023-11-02,4.65,-2.00,7.33712023435171
2023-11-03,4.49,-16.00,8.067866892213589
2023-11-06,4.60,11.00,8.307483717365065
2023-11-07,4.53,-7.00,8.342090636673529
2023-11-08,4.51,-2.00,8.225685671231592
2023-11-09,4.65,14.00,8.787165966014621
2023-11-10,4.65,0.00,8.500700251267816
2023-11-13,4.66,1.00,8.458582567287442
2023-11-14,4.42,-24.00,9.785557871534092
2023-11-15,4.52,10.00,9.505136456023079
2023-11-16,4.43,-9.00,9.467488227261404
2023-11-17,4.45,2.00,9.441801684404252
2023-11-20,4.44,-1.00,9.322016949137131
2023-11-21,4.41,-3.00,9.300025601603263
2023-11-22,4.44,3.00,9.341408071693728
2023-11-23,4.46,2.00,9.167748853869144
2023-11-24,4.49,3.00,9.041965652287272
2023-11-27,4.38,-11.00,9.276955576152378
2023-11-28,4.29,-9.00,9.303609130716037
2023-11-29,4.22,-7.00,9.29669680201368
2023-11-30,4.31,9.00,9.20403638162549
2023-12-01,4.14,-17.00,9.790666108960249
2023-12-04,4.23,9.00,9.57551440866109
2023-12-05,4.14,-9.00,9.287728719224347
2023-12-06,4.12,-2.00,9.222126601148945
2023-12-07,4.11,-1.00,9.224449912622223
2023-12-08,4.24,13.00,9.14043866822698
2023-12-11,4.25,1.00,9.153713792252637
2023-12-12,4.23,-2.00,9.129491719018041
2023-12-13,4.00,-23.00,9.011104260855046
2023-12-14,3.90,-10.00,8.73198826428546
2023-12-15,3.91,1.00,8.65805432888387
2023-12-18,3.94,3.00,8.68660709697076
2023-12-19,3.94,0.00,8.69756397203372
2023-12-20,3.86,-8.00,8.783371735707137
2023-12-21,3.87,1.00,8.730079364718607
2023-12-22,3.87,0.00,8.686881187279166
2023-12-25,3.88,1.00,8.630786533710362
2023-12-26,3.89,1.00,8.463647755745349
2023-12-27,3.78,-11.00,8.553194891801706
2023-12-28,3.83,5.00,8.632993190578304
2023-12-29,3.84,1.00,8.300028686123689
2024-01-01,3.88,4.00,7.674013043413213
2024-01-02,3.93,5.00,7.4536664036662374
2024-01-03,3.90,-3.00,7.261444169624343
2024-01-04,3.97,7.00,7.470895911086277
2024-01-05,4.02,5.00,7.5734498649652915
2024-01-08,3.97,-5.00,6.972394546659394
2024-01-09,3.97,0.00,6.9594061049297355
2024-01-10,3.99,2.00,6.994896098482905
2024-01-11,3.90,-9.00,5.259458599694907
2024-01-12,3.84,-6.00,4.961278637033568
2024-01-15,3.90,6.00,5.14272486602375
2024-01-16,3.95,5.00,5.219925195596101
2024-01-17,4.02,7.00,5.435772166640081
2024-01-18,4.04,2.00,5.0920105487490295
2024-01-19,4.08,4.00,5.138093031466048
2024-01-22,4.03,-5.00,5.300044923439438
2024-01-23,4.06,3.00,5.32245915236288
2024-01-24,4.06,0.00,5.325589616362184
2024-01-25,4.01,-5.00,4.794838494722857
2024-01-26,4.04,3.00,4.732863826479688
2024-01-29,3.97,-7.00,5.044563315849945
2024-01-30,4.00,3.00,5.015689669142501
2024-01-31,3.91,-9.00,5.318879223151823
2024-02-01,3.80,-11.00,5.801888034244087
2024-02-02,3.99,19.00,7.034946779505595
2024-02-05,4.13,14.00,7.6001253122501025
2024-02-06,4.03,-10.00,7.855844048495723
2024-02-07,4.06,3.00,7.877635613376822
2024-02-08,4.12,6.00,7.965401373918267
2024-02-09,4.14,2.00,7.656929634557927
2024-02-12,4.13,-1.00,7.499841268161548
2024-02-13,4.31,18.00,8.285385871980798
2024-02-14,4.25,-6.00,8.42953989593399
2024-02-15,4.22,-3.00,8.381385270205577
2024-02-16,4.29,7.00,8.483036293798625
2024-02-19,4.27,-2.00,8.484720159821192
2024-02-20,4.25,-2.00,8.405213801422247
2024-02-21,4.30,5.00,8.43970209359142
2024-02-22,4.33,3.00,8.44477860658796
2024-02-23,4.28,-5.00,8.44477860658796
2024-02-26,4.29,1.00,8.435751582515023
2024-02-27,4.32,3.00,8.230026326405845
2024-02-28,4.26,-6.00,8.389903228910102
2024-02-29,4.26,0.00,8.064324728911485
2024-03-01,4.17,-9.00,7.917731757926392
2024-03-04,4.21,4.00,6.895478159462113
2024-03-05,4.13,-8.00,6.48845127900333
2024-03-06,4.12,-1.00,6.0792386741386295
2024-03-07,4.07,-5.00,6.160163881555343
2024-03-08,4.06,-1.00,6.00951626291881
2024-03-11,4.08,2.00,6.00951626291881
2024-03-12,4.15,7.00,6.212123323830278
2024-03-13,4.19,4.00,4.780914437337568
2024-03-14,4.29,10.00,5.134384555319625
2024-03-15,4.33,4.00,5.144113603129766
2024-03-18,4.36,3.00,4.963197893831484
2024-03-19,4.31,-5.00,5.075618658046002
2024-03-20,4.25,-6.00,5.234500931320954
2024-03-21,4.26,1.00,5.114870942839585
2024-03-22,4.20,-6.00,5.210337709555781
2024-03-25,4.23,3.00,5.166282627816265
2024-03-26,4.22,-1.00,5.160749299601103
2024-03-27,4.18,-4.00,5.160749299601103
2024-03-28,4.21,3.00,5.068577333974114
2024-03-29,4.28,7.00,5.309470424672892
2024-04-01,4.34,6.00,5.026122239053156
2024-04-02,4.35,1.00,4.973261840415532
2024-04-03,4.34,-1.00,4.5825756949558345
2024-04-04,4.30,-4.00,4.693460496112797
2024-04-05,4.38,8.00,4.739399198411621
2024-04-08,4.43,5.00,4.763452129545982
2024-04-09,4.37,-6.00,5.054465258325454
2024-04-10,4.61,24.00,6.9901290947953685
2024-04-11,4.61,0.00,6.992853494818832
2024-04-12,4.54,-7.00,7.004420373014795
2024-04-15,4.65,11.00,7.304923323478811
2024-04-16,4.69,4.00,7.318274581972367
2024-04-17,4.62,-7.00,7.420370931557581
2024-04-18,4.68,6.00,7.276511461381684
2024-04-19,4.66,-2.00,7.3273785346791085
2024-04-22,4.66,0.00,7.1177176652284215
2024-04-23,4.63,-3.00,7.2035044381520414
2024-04-24,4.64,1.00,7.176350047203659
2024-04-25,4.70,6.00,7.0895630868132296
2024-04-26,4.68,-2.00,7.154752000627007
2024-04-29,4.65,-3.00,7.154752000627006
2024-04-30,4.72,7.00,7.187621634581548
2024-05-01,4.64,-8.00,7.499841268161548
2024-05-02,4.57,-7.00,7.706521666126434
2024-05-03,4.48,-9.00,7.94534904384769
2024-05-06,4.48,0.00,7.775725352782512
2024-05-07,4.48,0.00,7.706521666126434
2024-05-08,4.50,2.00,7.579420759373305
2024-05-09,4.47,-3.00,5.388258840602713
2024-05-10,4.52,5.00,5.527851558891828
2024-05-13,4.50,-2.00,5.33496998697319
2024-05-14,4.46,-4.00,4.731857583494683
2024-05-15,4.35,-11.00,5.0742111749136924
2024-05-16,4.40,5.00,5.1134742639050215
2024-05-17,4.44,4.00,4.992852033514651
2024-05-20,4.46,2.00,5.034641898647708
2024-05-21,4.43,-3.00,5.048809383456276
2024-05-22,4.47,4.00,5.146889953212148
2024-05-23,4.52,5.00,5.287451451989211
2024-05-24,4.53,1.00,5.085460132761313
2024-05-27,4.54,1.00,5.092478113191385
2024-05-28,4.56,2.00,5.0948152917591445
2024-05-29,4.63,7.00,5.0948152917591445
2024-05-30,4.57,-6.00,4.963197893831485
2024-05-31,4.52,-5.00,4.846697451922923
2024-06-03,4.42,-10.00,4.941081431659033
2024-06-04,4.35,-7.00,5.152438165336776
2024-06-05,4.31,-4.00,5.2021058007219265
2024-06-06,4.29,-2.00,5.16720427310552
2024-06-07,4.46,17.00,6.461239745406372
2024-06-10,4.48,2.00,6.3766687825152655
2024-06-11,4.41,-7.00,6.538894620434161
2024-06-12,4.32,-9.00,6.762642481555067
2024-06-13,4.24,-8.00,6.5621570205157935
2024-06-14,4.22,-2.00,6.444266554742392
2024-06-17,4.30,8.00,6.650814486462036
2024-06-18,4.24,-6.00,6.7191977979234245
2024-06-19,4.25,1.00,6.717780245629607
2024-06-20,4.26,1.00,6.640783086353593
2024-06-21,4.26,0.00,6.503112807761845
2024-06-24,4.27,1.00,6.503112807761845
2024-06-25,4.25,-2.00,6.484413546930747
2024-06-26,4.32,7.00,6.702877846758912
2024-06-27,4.29,-3.00,6.445744258626695
2024-06-28,4.33,4.00,6.475227519444501
2024-07-01,4.44,11.00,6.924421928769145
2024-07-02,4.39,-5.00,6.657970518752046
2024-07-03,4.33,-6.00,6.6098771690914315
2024-07-04,4.28,-5.00,6.6429339473286495
2024-07-05,4.22,-6.00,6.755244875897047
2024-07-08,4.23,1.00,5.485478665574788
2024-07-09,4.24,1.00,5.4615539389967935
2024-07-10,4.24,0.00,5.2973488427613225
2024-07-11,4.13,-11.00,5.467218322920363
2024-07-12,4.10,-3.00,5.247221486971299
2024-07-15,4.13,3.00,5.2968993625651235
2024-07-16,4.09,-4.00,4.979959839195488
2024-07-17,4.07,-2.00,4.8540606467064995
2024-07-18,4.11,4.00,4.953113498935118
2024-07-19,4.16,5.00,5.095282598826557
2024-07-22,4.17,1.00,5.104619756371949
2024-07-23,4.15,-2.00,5.104619756371949
2024-07-24,4.12,-3.00,5.12324302055046
2024-07-25,4.13,1.00,4.8363701461401964
2024-07-26,4.06,-7.00,4.999047528327386
2024-07-29,4.05,-1.00,4.8614126890579135
2024-07-30,4.03,-2.00,3.9557071488697186
2024-07-31,3.97,-6.00,3.999999999999994
2024-08-01,3.84,-13.00,4.597100535482478
2024-08-02,3.62,-22.00,6.279217421667399
2024-08-05,3.62,0.00,6.279217421667399
2024-08-06,3.73,11.00,6.931638987109686
2024-08-07,3.79,6.00,7.136425675964921
2024-08-08,3.83,4.00,7.248973654774792
2024-08-09,3.80,-3.00,6.953930029640995
2024-08-12,3.75,-5.00,6.9880850977455395
2024-08-13,3.68,-7.00,6.994896098482906
2024-08-14,3.67,-1.00,6.985699678629189
2024-08-15,3.79,12.00,7.624521842931089
2024-08-16,3.77,-2.00,7.526461256634422
2024-08-19,3.75,-2.00,7.372083765640418
2024-08-20,3.70,-5.00,7.368207121849666
2024-08-21,3.64,-6.00,7.413308496018685
2024-08-22,3.72,8.00,7.7518047053880395
2024-08-23,3.65,-7.00,7.798351474144114
2024-08-26,3.66,1.00,7.7518047053880395
2024-08-27,3.66,0.00,7.760706889747311
2024-08-28,3.63,-3.00,7.764694211008966
2024-08-29,3.66,3.00,7.775725352782513
2024-08-30,3.71,5.00,7.426144292135659
2024-09-02,3.68,-3.00,5.631543812693433
2024-09-03,3.65,-3.00,5.677021351780475
2024-09-04,3.56,-9.00,5.437086054303788
2024-09-05,3.54,-2.00,5.211708430246721
2024-09-06,3.50,-4.00,5.10461975637195
2024-09-09,3.49,-1.00,5.095282598826559
2024-09-10,3.43,-6.00,5.134384555319628
2024-09-11,3.45,2.00,5.0289637292861995
2024-09-12,3.47,2.00,5.074211174913695
2024-09-13,3.43,-4.00,4.149010208987884
2024-09-16,3.41,-2.00,4.149010208987884
2024-09-17,3.44,3.00,4.273394992497738
2024-09-18,3.47,3.00,4.3000553706291
2024-09-19,3.49,2.00,4.196937659089743
2024-09-20,3.48,-1.00,3.691689508689944
2024-09-23,3.51,3.00,3.540244812627131
2024-09-24,3.47,-4.00,3.5903309304959854
2024-09-25,3.52,5.00,3.812260921465543
2024-09-26,3.55,3.00,3.853260833063216
2024-09-27,3.50,-5.00,3.897496143741026
2024-09-30,3.58,8.00,4.165047304367506
2024-10-01,3.51,-7.00,4.365994132142729
2024-10-02,3.55,4.00,4.456669694054602
2024-10-03,3.62,7.00,4.2911869819766295
2024-10-04,3.81,19.00,5.883390664768548
2024-10-07,3.86,5.00,5.806400409400449
2024-10-08,3.86,0.00,5.787095661078722
2024-10-09,3.91,5.00,5.54204706893452
2024-10-10,3.91,0.00,5.56434225779694
2024-10-11,3.88,-3.00,5.678698710762795
2024-10-14,3.87,-1.00,5.557920131710798
2024-10-15,3.86,-1.00,5.52526663868554
2024-10-16,3.84,-2.00,5.5937890727552615
2024-10-17,3.90,6.00,5.66106165375533
2024-10-18,3.88,-2.00,5.729622276256212
2024-10-21,3.98,10.00,5.953790309342363
2024-10-22,4.00,2.00,5.952590472502986
2024-10-23,4.05,5.00,5.79572913363592
2024-10-24,4.03,-2.00,5.861496639693897
2024-10-25,4.07,4.00,5.87042628451331
2024-10-28,4.11,4.00,5.6205405603443666
2024-10-29,4.11,0.00,5.528282261417623
2024-10-30,4.14,3.00,5.079370039680116
2024-10-31,4.15,1.00,5.092010548749031
2024-11-01,4.22,7.00,5.092010548749031
2024-11-04,4.17,-5.00,3.822863549001676
2024-11-05,4.16,-1.00,3.789082059964238
2024-11-06,4.27,11.00,4.306694677780052
2024-11-07,4.17,-10.00,4.968951216351008
2024-11-08,4.20,3.00,4.974697885059857
2024-11-11,4.26,6.00,4.966075388262318
2024-11-12,4.32,6.00,5.002856326996749
2024-11-13,4.30,-2.00,5.038896326625124
2024-11-14,4.32,2.00,4.951190333069987
2024-11-15,4.30,-2.00,4.958878521447784
2024-11-18,4.28,-2.00,4.958878521447784
2024-11-19,4.25,-3.00,4.702582876918352
2024-11-20,4.28,3.00,4.715223571935195
2024-11-21,4.30,2.00,4.643479811725763
2024-11-22,4.30,0.00,4.595028369257983
2024-11-25,4.17,-13.00,5.501082144624339
2024-11-26,4.17,0.00,5.441900928378399
2024-11-27,4.11,-6.00,5.612486080160909
2024-11-28,4.08,-3.00,5.604844843016234
2024-11-29,4.05,-3.00,5.626891216462668
2024-12-02,4.08,3.00,5.4252496102329975
2024-12-03,4.11,3.00,5.386491039098243
2024-12-04,4.07,-4.00,5.445837204428976
2024-12-05,4.07,0.00,4.779918309722353
2024-12-06,4.03,-4.00,4.374166587286461
2024-12-09,4.07,4.00,4.421268940883262
2024-12-10,4.09,2.00,4.202606900711118
2024-12-11,4.13,4.00,4.060846733192
2024-12-12,4.18,5.00,4.249369701160727
2024-12-13,4.25,7.00,4.531372124791043
2024-12-16,4.25,0.00,4.5155814897392945
2024-12-17,4.26,1.00,4.5044951093853065
2024-12-18,4.40,14.00,5.395765535518168
2024-12-19,4.43,3.00,5.395765535518168
2024-12-20,4.37,-6.00,5.579725202313577
2024-12-23,4.44,7.00,5.764835932906789
2024-12-24,4.43,-1.00,4.867286327151522
2024-12-25,4.42,-1.00,4.884864866289007
2024-12-26,4.42,0.00,4.61106330057447
